op	handler	sig	loop	pcWrite	unknown
0000	004239C7	V	0	0	0
0001	004239EE	V V	0	0	1
0002	00423A71	V V	0	0	1
0009	00423AB5	V	1	0	0
000A	00426C3A	V	1	0	0
000C	00423B15	V V	0	0	0
000D	00423B23	V	0	0	0
000E	00423B7D	V	0	0	0
000F	00423BC0	V	1	0	0
0010	00423BCE	V	0	0	0
0011	00423C3F	V	0	0	0
0012	00423CA1	V V	0	0	0
0013	00423CD2	V	0	0	0
0014	00423CE1	V	0	0	0
0015	00423CEF	V V	0	0	0
0016	00423D15	V V V	0	0	1
001E	00426C0E		0	0	0
001F	00426C24		0	0	0
0028	00425B8D	V	1	0	0
0029	00425BC4	V	0	0	0
002A	00425BEB	V	0	0	0
0032	0042622A		0	0	0
0033	00426239		0	0	0
0034	0042624E		0	0	0
003C	00423D78	V	0	0	0
003D	00423D89	V	0	0	0
0046	00425BFE	V V	0	0	0
0047	00425C25		0	0	0
0048	00425C40		0	0	0
0049	00425C55	V V	0	0	0
004A	00425C74	V	0	0	0
004B	00425C80	V	0	0	0
004C	00425C97	V	0	0	0
0064	00423D95	V V V V	0	0	0
0065	00423DED	V	0	0	0
0066	00423E17	V	0	0	0
0069	00423E98	V	0	0	0
006A	00423EA4	V V V	0	0	0
006B	00423EC2	V V V	0	0	0
006F	00423EE0	V V	0	0	0
0078	00423FA0	V V	0	0	0
0079	00423FFC	V V	0	0	0
007A	00423FB4	V V V	0	0	0
0083	004244B6	V V	0	0	0
0084	00424531	V V	1	0	0
008C	0042453F		0	0	0
008D	0042456B		0	0	0
0096	00424597	V	0	0	0
009B	004245E7	V V	0	0	0
00A0	00424607	V	0	0	0
00A1	00424696	V V	0	0	0
00AA	00424044	V V V	0	0	0
00AB	004240D7	V V V	0	0	0
00AC	00424151	V	0	0	0
00AD	0042417B	V	0	0	0
00AE	004241A5	V V V	0	0	0
00AF	00424238	V V V	0	0	0
00B0	004242B2	V	0	0	0
00B1	004242DC	V	0	0	0
00B4	00424306	V V	0	0	0
00B5	00424355	V V	0	0	0
00B6	004243A4	V V	0	0	0
00B7	004243F3	V V	0	0	0
00B9	00424442	V V V V V V	0	1	0
00C8	004246A4	V V	0	0	1
00C9	004246EF	V V	0	0	1
00CC	0042471C	V	0	0	0
00CE	0042472D	V	0	0	1
00CF	0042474B	V	0	0	0
00D0	00424766	V	0	0	0
00D1	00424781		0	0	0
00D2	00424793	V V V	0	0	0
00D3	004247B7	V V V V	0	0	0
00DC	0042490B	V	0	0	0
00DD	00424925	V	1	0	0
00DE	00424933		1	0	0
00DF	00424956	V	1	0	0
00E6	004247EE	V V V	1	0	1
00E7	004248E1	V V V	1	0	1
00F0	004248EF	V V V	1	0	0
00F1	004248FD	V V V V	1	0	0
00FA	00424BF8	V V	0	0	0
00FB	00424C34	V V	0	0	0
00FC	00424C53	V V	0	0	0
00FD	00424C72	V V	0	0	0
00FE	00424C9D	V V	0	0	0
00FF	00424CDF	V V	1	0	0
0104	00426DDC	V	0	0	0
0105	00426DF2	V V V	0	0	0
0106	00426E08	V V V	0	0	0
0107	00426E1E	V V V	0	0	0
0108	00426E34	V V V V	0	0	0
010E	00424CED	V V	0	0	0
0118	00426C50	V	0	0	1
0119	00426C66	V V	0	0	1
011B	00426C7C	V V	0	0	1
0123	00426C92	V V	0	0	0
012D	00426CA8	V V V	0	0	0
012F	00426CBE	V V V	0	0	0
0136	0042522A	V	0	0	0
0138	0042523B	V	0	0	1
0139	00425250	V	0	0	1
013A	00425265	V	0	0	1
013B	0042527A	V	0	0	1
013C	0042528F		0	0	0
013D	0042529E		0	0	0
0140	004249E2	V V	0	0	0
014B	00426CD4	V	0	0	0
0154	00424A01	V V V V V V	0	0	1
0155	00424A60	V	0	0	0
0156	00424A73	V V V V	0	0	0
0157	00424AB9	V V V V	0	0	0
0158	00424AFF	V V V	0	0	1
0159	00424B49	V V V V	0	0	0
015A	00424B84	V V V V V V V V	0	0	0
0190	00426938	V	0	0	0
0191	0042694E	V	0	0	0
019A	0042697A	V V	0	0	0
019B	00426990	V	0	0	0
019C	004269A6	V V	0	0	0
01A4	00426964	V V V V b1 V	1	0	0
01F4	00425A9D	V b1 V b4	0	1	0
01FE	00425AB3	V b1 V b4	0	1	0
01FF	00425AC9	V b1 V b4	0	1	0
0208	00425ADF	V	0	0	0
0209	00425AEB	b4 V V b1	1	1	0
0212	00425B4B	b4 V	0	0	0
0213	00425B69	b4	0	1	0
0258	00424E3A	V	0	1	0
0259	00424D1D	b4 V V	1	1	0
0262	00424D68	V	0	1	0
0263	00424D8B	b4 V V	1	1	0
0267	00424E48	V	0	1	0
026C	00424EFE		0	1	0
026D	00424DF3	V	0	1	0
026F	00424E30	V	0	1	0
0276	004269BC	V	0	0	0
0280	00424E89	b2 V	1	0	0
0281	00424EB9	V V V	1	0	0
0283	00424EC7	V V V	1	0	0
0285	00424ED5	V	0	1	0
0294	00424F18	V V V V	0	0	0
0295	00424F74	V V V V	1	0	0
0296	00424F82	V V V V	1	0	0
0299	00424F90	V V V V V V	1	1	0
029A	00424F9E	V V V V V V	1	1	0
02BC	00425CA3	V V	0	0	0
02BD	00425CC9	V	0	0	0
02C1	00425CDC	V V	0	0	0
02C6	00425E39	V V V	0	0	1
02C7	00425EC3	V V V	0	0	0
02C8	00425E62	V V V	1	0	0
02CB	00425F00	V V V V	0	0	0
02D0	00425D0D	V V	0	0	0
02D1	00425D2E	V V	0	0	0
02D3	00425D64	V V	0	0	0
02D4	00425DA2	V V V	1	0	0
02D5	00425DEE	V V	0	0	0
02D6	00425E11	V V V	0	0	1
02DA	00425E78	V V V	0	0	0
02DB	00425E9F	V b1	1	0	0
02E4	00425F36	V	0	0	0
02E5	00425F4B	V	0	0	0
02E6	00425F6C	V	0	0	0
02E7	00425F90	V	0	0	0
02E8	00425FB6	V	0	0	0
02E9	00425FCE	V	0	0	0
02EE	00425FE3	V	0	0	0
02EF	0042601B	V	0	0	0
02F8	0042604A	V	0	0	0
02F9	0042605F	V	0	0	0
0302	004260D9	V V	0	0	0
0303	004260EE	V V	0	0	0
0304	00426105	V V	0	0	0
0305	0042611C	V V	0	0	0
0306	00426133	V V	0	0	0
0307	0042614B	V V	0	0	0
0308	00426163	V V V	0	0	0
0309	00426184	V V V	0	0	0
030A	004261A4	V V V	0	0	0
030B	004261C6	V V V	0	0	0
030C	004261E6	V V V	0	0	0
030D	00426209	V V V	0	0	0
0316	00426074	V	0	0	0
0317	00426089	V	0	0	0
0318	0042609E	V	0	0	0
0319	004260B3	V	0	0	0
031B	004260C8	V	0	0	0
0320	00426544	V V	0	0	0
0321	0042655A	V V	0	0	0
0322	00426570	V V	0	0	0
0323	00426586	V	0	0	0
0324	0042659C	V V	0	0	0
0325	004265B2	V V	0	0	0
0384	00429C91		0	0	0
038E	00426270	V V	0	0	0
038F	00426285	V V	0	0	0
0390	0042629C	V V	0	0	0
0391	004262D3	V	0	0	0
0392	004262ED	V	0	0	0
0393	00426307	V V	0	0	0
0394	00426331	V V	0	0	0
0395	0042635B	V	0	0	0
0396	00426376	V V	0	0	0
0397	0042638C	V V	0	0	0
0398	004263A2	V V	0	0	0
0399	004263B8	V	0	0	0
039A	004263CE	V V	0	0	0
039B	004263E4	V V	0	0	0
039C	004263FA	V V V	1	1	0
039D	00426410	V V V	1	1	0
039E	00426426	V V	0	0	0
039F	0042643C	V V	0	0	0
03A0	00426452	V V V	0	0	0
03A2	004264AA	V	0	0	0
03A3	004264C0	V V	0	0	0
03A4	004264D6	V V	0	0	0
03A5	004264EC	V	0	0	0
03AC	00426502	V V	0	0	1
03AD	00426518	V	0	0	0
03AE	0042652E	V	0	0	1
03B6	004265C8	V	0	0	0
03B7	004265F4	V V V V	0	0	0
03B8	0042660A	V V V V	0	0	0
03BB	00426620		0	0	0
03BC	00426636	V	0	0	0
03BD	004265DE	V	0	0	0
03BE	0042664C	V	1	0	0
03BF	00426662	V	0	0	0
03C0	00426678	V V	0	0	0
03C1	0042668E	V	0	0	0
03C2	004266BA	V	0	0	0
03CA	004266D0	V V	0	0	0
03CB	004266E6	V V	0	0	0
03CE	004266FC	b2	0	0	1
03CF	00426712	b2	0	0	1
03D0	00426728	V V	1	0	0
03D4	0042673E	V	0	0	0
03D5	00426754	V	0	0	0
03D6	0042676A		0	0	0
03DE	00426468	V b1 V	0	0	1
03DF	0042647E	V	0	0	0
03E0	00426494	V	0	0	0
03E8	00424FAC	V V	0	0	0
03E9	00424FD4	V	0	0	0
03EA	00424FF0	V	0	0	0
03EB	00425011	V	1	0	0
03EC	0042509C	V V	0	0	0
03ED	004250F3	V	0	0	0
03EE	00425126	V	1	0	0
03F2	004266A4	V	0	0	0
03FC	0042519A	V V	0	0	0
044C	00426780	V V	0	0	1
0456	00426796	V V	0	0	0
0457	004267AC	V V	0	0	0
0458	004267C2	V V	0	0	0
0459	004267D8	V	0	0	0
045A	004267EE	V V	0	0	0
045B	00426804	V	0	0	0
045C	0042681A	V	0	0	0
0460	00426846		0	0	0
0461	0042685C		0	0	0
0465	00426830	V	0	0	0
046A	00426872	V	0	0	0
0474	00426888	V	0	0	0
0475	0042689E	V	0	0	0
0476	004268B4	V	0	0	0
0477	004268CA	V	0	0	0
047E	004268E0	V	0	0	0
0492	004268F6	V V	0	0	0
049C	0042690C	V	0	0	0
049D	00426922	V	0	0	0
04B0	004252AD	V V	0	0	1
04B1	004252F0	V	0	0	0
04B2	00425336	V V	0	0	0
04B5	004255A8	V V	0	0	0
04B6	004255ED	V	0	0	0
04B7	00425622	V	0	0	0
04B8	0042562E	V	0	0	0
04B9	0042563F	V V	0	0	0
04BA	0042565F		0	0	0
04BB	0042566F	V	0	0	0
04BC	00425695	V	0	0	0
04BD	004256A1	V V V V V V V V	0	0	0
04C4	00425710	V	0	0	0
04C5	00425727	V V V V V	0	0	0
04C6	00425787	V V	0	0	0
04C7	004257CD	V V V	0	0	0
04C8	0042581C	V V V V V V	0	0	0
04C9	004258E2	V V V	0	0	0
04CA	00425779	V V V V V V V	0	0	0
04CB	00425885	V V V V	0	0	0
04CE	0042591F	V	0	0	0
04D3	004257AB	V	0	0	0
04D4	004257BC	V	0	0	0
04D8	00425976	V V V V V V V V	0	0	0
04DD	00426B48	V	0	0	0
04DE	00426B5E		0	0	0
04E2	00425968	V V V V V V V V	1	0	1
04E3	00425A8F	V V V V V V V V V	0	0	0
04E7	00425394	V V V V V V V V	0	0	0
04E8	004253A2	V V V V V	0	0	1
04EC	00425463	V	0	0	0
04ED	0042546F	V	0	0	0
04EE	00425486	V V V V	0	0	0
04EF	004254B9	V V V V	0	0	0
04F0	00425524	V V	0	0	0
04F1	0042553D	V V	0	0	0
04F6	00425A53	V V V V V V V V V V V V V	0	0	0
04FB	00425A61	V V V V V V V V V	0	0	0
04FC	00425A6F	V V V V V V V V V	0	0	0
0500	00425984	V	0	0	0
0502	0042599B	V V	0	0	0
0504	00425A83	V	0	0	0
050A	004259C2	V V V V	0	0	0
050C	00425A37	V V V V V V V V V V V V	0	0	0
050F	00425A45	V V V V V V	0	0	0
0514	004269D2	V V V V V V V V V	0	0	0
0515	004269E8	V V V V V V V V V	0	0	0
0516	004269FE	V V V V V V V V V V V V	0	0	0
0517	00426A14	V V V V V V V V V	0	0	0
051E	00426A2A	V V V V V V V V V V V	1	0	0
051F	00426A40	V V V V V V V V V V V V	0	0	0
0528	00426A56	V V	0	0	0
0529	00426A6C	V V	0	0	0
052A	00426A82	V V	0	0	0
0532	00426D00	V V	0	0	1
0533	00426D16	V	0	0	0
0534	00426D2C	V V V V V	0	0	0
0535	00426D42	V V	0	0	0
0536	00426D58	V V V	0	0	0
053C	00426CEA	V V V V V V V V V V	0	0	0
0541	00426B06	V	0	0	0
0542	00426B1C	V	0	0	0
0546	00426A98	V	0	1	0
0547	00426AAE	V	0	0	0
0548	00426AC4	V V V V V	0	0	0
0549	00426ADA	V V	1	0	0
054A	00426AF0	V	1	1	0
054B	00426B32	V V V V V V V V V V	1	1	0
0550	00426D6E	V V	0	0	1
0551	00426D84	V	0	0	0
0552	00426D9A	V V V V V V V	0	0	1
0553	00426DB0	V V	0	0	0
0554	00426DC6	V V V	0	0	0
055A	00426B74	V V V V V	0	0	0
055B	00426BB6	V V V V V V V	0	0	0
055C	00426BA0	V V	0	0	0
055D	00426B8A	V V	0	0	1
055E	00426BCC	V V V V V V V V V	0	0	0
055F	00426BF8	V V V V V V V V V V	0	0	0
0560	00426BE2	V V V V	0	0	0
0561	00426E4A	V V V V	0	0	0
0562	00426ECC	V V V V V V	0	0	0
0563	00426EE2	V V V V V V V V V V V V V V V V	0	0	0
0564	00426E86	V V V V V V V V V	1	0	0
0566	00426E94	V V V V V V V V V V V V	1	0	0
0568	00426EB0	V V V V V	0	0	0
056A	00426EBE	V V V V V V V V V V V V V V V V	1	0	0
056C	00426EA2	V V V V V	1	0	0
0570	00426EF8	V V V V V V V V V V V V V V	1	0	0
0574	00426F36	V V V V V V V V V V V V V V V V V V V	1	0	0
0578	00426F8E	V V V V	0	0	0
0579	00427000	V V	0	0	1
057A	00427077		0	0	0
057B	004270CC		0	0	0
057D	00427106		0	0	1
057E	00427133	V	0	0	0
057F	00427172	V	0	0	0
0580	004271A0	V	0	0	0
0581	004271DB	V	0	0	0
0582	00427208	V V	0	0	0
0587	00427260	V	0	0	0
058C	00427284	V V V V V	0	0	0
058D	00427292	V V V	0	0	1
058E	00427319	V	0	0	0
058F	0042738F	V	0	0	0
0590	004273E7	V	0	0	1
0591	00427431	V V	0	0	0
0592	0042748D	V V	0	0	0
0593	004274E9	V V	0	0	0
0594	00427542	V V	0	0	0
0596	00427588	V V V	0	0	1
0597	00427618	V V V	1	0	1
0598	0042762E	V V V	0	0	0
0599	0042768F	V V	0	0	0
059A	004276BD	V V	0	0	0
05A0	00427F74	V	0	0	0
05A1	00427F80	V	0	0	0
05AA	004280F5	V V	0	0	0
05AB	0042815E		0	0	0
05AC	00428189		0	0	0
05AD	004281AD		0	0	0
05AE	004281C4	V	0	0	0
05AF	004281E4	V	0	0	0
05B4	004276EC	V V V V V	0	0	0
05B5	0042774A	V V V V	0	0	1
05B6	00427760	V	0	0	0
05B7	004277A5	V	0	0	0
05B8	004277EC	V	0	0	1
05B9	00427825	V V	0	0	0
05BA	00427867	V V	0	0	0
05BB	004278A9	V V	0	0	0
05BC	004278EB	V V	0	0	0
05BD	0042795A	V V V V	0	0	1
05BE	00427A07	V V	1	0	1
05BF	00427922	V V V	0	0	0
05C0	00427A5B	V	0	0	0
05C1	00427A86	V	0	0	0
05C2	00427B12	V V	0	0	0
05C3	00427B46	V V	0	0	0
05C9	00427B7B	V V V	0	0	1
05CA	00427BFF	V	0	0	1
05CB	00427C3B	V	0	0	0
05CC	00427C7B	V	0	0	1
05CD	00427CAD	V V	0	0	0
05CE	00427CE7	V V	0	0	0
05CF	00427D22	V V	0	0	0
05D0	00427D5D	V V	0	0	0
05D1	00427DD2	V V V	0	0	1
05D2	00427E63	V V	1	0	1
05D3	00427D8D	V V V	0	0	0
05D4	00427EAE	V V V V	0	0	0
05D5	00427F01	V V	0	0	0
05D6	00427F2D	V V	0	0	0
05DC	004281FF	V	0	0	0
05DD	00428221		0	0	0
05DE	0042822B	V	0	0	0
05DF	0042825E		0	0	0
05E0	00428277		0	0	0
05E1	00428289		0	0	0
05E5	00428293	V	0	0	0
0640	004282A6	V V	0	0	1
0641	004282CD	V V	0	0	0
0643	00428315		0	0	0
0644	00428333		0	0	0
0645	0042836B		0	0	0
0654	004283B4	V	0	0	0
0672	004283F1	V V	0	0	1
0673	00428407	V	0	0	0
0674	0042841D		0	0	0
0675	00428433		0	0	0
0676	00428449		0	0	0
0677	0042845F	V	0	0	0
0678	00428475	V V	0	0	0
0679	0042848B	V V	0	0	0
067A	004284A1	V	0	0	0
067B	004284B7	V	0	0	0
067C	004284CD	V	0	0	0
0686	00427F91	V V	0	0	1
0687	00427FF2	V V V V V	0	0	1
0688	00428059	V	0	0	1
0689	0042807B	V V	0	0	1
068A	004280A6	V V V	0	0	0
068B	004280D5	V V	0	0	0
06A4	00428551	V	0	0	0
06A5	00428567		0	0	0
06A6	0042857D	V V	0	0	1
06A7	00428593	V V	0	0	0
06A8	004285A9	V	0	0	0
06A9	004285BF	V V	0	0	0
06AA	004285D5	V V	0	0	0
06AB	004285EB	V V	0	0	0
06AC	00428601	V V	0	0	0
06AD	00428617	V V	0	0	0
06AE	0042862D	V V	0	0	0
06AF	00428643	V V	0	0	0
06B0	00428659	V	0	0	0
06B1	0042866F	V V	0	0	1
06B2	00428685	V	0	0	0
06B5	004286DD	V V	0	0	0
06B6	004286C7	V V	0	0	0
06B7	004286B1	V V	0	0	0
06B8	0042869B	V V	0	0	0
06B9	004286F3	V V	0	0	1
06BA	00428709	V	0	0	0
06BB	0042871F	V	0	0	0
06C2	00428735	V	0	0	0
06C3	0042874B		0	0	0
06C4	00428761	V V	0	0	0
06C5	00428777	V	0	0	0
06D6	0042878D	V V V	1	0	1
06D7	004287A3	V V V	1	0	1
06D8	004287B9	V	1	0	1
06D9	004287CF	V V	0	0	1
06DA	004287E5	V	0	0	0
06DB	004287FB	V	0	0	0
06DC	00428811	V	0	0	0
06DD	00428827	V V V	0	0	1
06DE	0042883D	V V V	0	0	1
06DF	00428853	V V	0	0	0
06E0	00428869	V V	0	0	0
06E1	0042887F	V V	0	0	0
06E2	00428895	V V	0	0	0
06E3	004288AB	V V	0	0	0
06E4	004288C1	V V	0	0	0
06E5	004288D7	V V	0	0	0
06E6	004288ED	V V	0	0	0
06E7	00428903	V V	0	0	0
06E8	00428919	V V	0	0	0
06E9	0042892F	V V	0	0	0
06EA	00428945	V V	0	0	0
06EB	0042895B	V V	0	0	0
06EC	00428971	V V V V	0	0	1
06ED	00428987	V V	0	0	1
06EE	0042899D	V V V V	0	0	0
06EF	004289B3	V V V V	0	0	1
06F0	004289C9	V V	0	0	0
0708	004289DF		0	0	0
0709	004289F5		0	0	0
070A	00428A0B	V	0	0	1
070B	00428A21	V	0	0	0
070C	00428A37		0	0	0
070D	00428A4D		0	0	0
070E	00428A63		0	0	0
070F	00428A79		0	0	0
0710	00428A8F		0	0	0
0711	00428AA5	V	0	0	0
0712	00428ABB		0	0	0
0713	00428AD1		0	0	0
0714	00428AE7	V	0	0	0
0715	00428AFD		0	0	0
0716	00428B13	V	0	0	0
073A	004284E3	V	0	0	0
073B	004284F9	V	0	0	0
073C	0042850F	V	0	0	0
073D	00428525	V	0	0	0
073E	0042853B	V	1	0	0
073F	00427F5B	V	0	0	0
076C	004283C5	V	0	0	0
076D	004283DB	V	0	0	0
0776	00426F49	V	0	0	1
0777	00428B29	V V V	0	0	1
0778	00428BCB	V	0	0	1
077C	00428BE4	V V V V V V V	0	0	0
0780	00428C4D	V V V V	0	0	0
078A	00428C63	V	0	0	0
078B	00428C79	V	0	0	0
0794	00428D81	V	0	0	0
0795	00428D97	V	0	0	0
0796	00428DAD		0	0	0
079E	00428DC3		0	0	0
079F	00428DD9		0	0	0
07A8	00428C8F	V V	0	0	0
07A9	00428CA5	V V V	0	0	0
07AD	00428CBB	V V	0	0	0
07B2	00428CD1	V V V	0	0	0
07B3	00428CE7	V	0	0	0
07B4	00428CFD	V	0	0	0
07BC	00428D13	V V V V	0	0	0
07BD	00428D29	V V V V	0	0	0
07BE	00428D3F		0	0	0
07BF	00428D55	V	0	0	0
07C6	00428D6B	V	0	0	0
07D0	00428DEF	V V V V	0	0	0
07D1	00428F3A		0	0	0
07D2	00428F50	V V V V	0	0	0
07DA	00428F66	V V	0	1	0
07E4	00428F92	V	0	0	0
07E5	00428FA8		0	0	0
07E6	00428FBE		0	0	0
07E7	00428FD4	V	0	0	0
07E8	00428FEA	V	0	0	0
07EE	00428F0E	V V V	0	0	0
07EF	00428F24	V V V	0	0	0
07F1	00428E24	V V V V	0	0	0
0802	00428F7C	V V V V	1	0	0
083E	00428E8A	V	0	0	0
0848	00428EA0		0	0	0
0849	00428EB6	V V	1	0	0
084A	00428ECC	V V	1	0	0
0852	00428EE2	V V V	0	0	0
0853	00428EF8	V V V V	0	0	0
0898	00428E5E	V	0	0	0
08A2	00428E74	V	0	0	0
08AC	00429000	V V V V V	1	0	0
08B6	00429057	V V V V	0	0	0
08C0	0042906D	V	0	0	0
08CA	00429083		0	0	0
08D4	00429099	V V V	0	0	0
08DE	004290AF	V V V	1	0	0
08E8	004290C5	V V V	0	0	0
08F2	004290DB	V	0	0	0
08FC	004290F1	V V	0	0	0
0960	00429107	V V V V V V	1	0	0
096A	0042911D	V V V V V V V V	1	0	0
0974	00429133	V	0	0	0
0975	00429218	V	0	0	0
097E	0042922E	V	1	0	0
09C4	00429168	V	0	0	0
09CE	0042917E	V	0	0	0
09CF	00429194	V	1	0	1
09D8	004291AA	V	0	0	0
09DD	004291C0	V V	0	0	0
09E2	004291D6	V V V	0	0	0
09EC	004291EC	V V V V V	0	0	0
09F6	00429202	V V	0	0	0
0A00	00429244	V V V	1	1	1
0A0A	004292A5	V	0	0	0
0A0B	004292BB	V	0	0	0
0A28	004292D1	V	0	0	0
0A29	004292E7	V	0	0	0
0A2A	004292FD	V	0	0	0
0A2B	00429313	V	0	0	0
0A2C	00429329	V	0	0	0
0A2D	0042933F	V	0	0	0
0A2F	00429355	V	0	0	0
0A30	00429397	V V	0	0	0
0A31	004293AD	V	0	0	0
0A3C	0042936B	V	0	0	0
0A3D	00429381	V	0	0	0
0A5A	004293C3		0	0	0
0A5B	004293D9		0	0	0
0A5C	004293EF	V	0	0	0
0A64	00429405	V	0	0	0
0A65	0042941B	V V	0	0	0
0A8C	00429279		0	0	0
0A8D	0042928F		0	0	0
0A96	00429431		0	0	0
0A97	00429499		0	0	0
0AF0	0042951D	V	0	0	0
0AFA	004294F1	V V V	0	0	0
0AFB	00429507	V	0	0	0
0B04	00429533	V V V V V	0	0	0
0B0F	00429549	V	0	0	0
0B18	0042955F	V V	0	0	0
0B54	004294AF	V V	0	0	0
0B55	004294C5	V V	0	0	0
0B5E	004294DB		0	0	0
0B68	00429575	V V V V	0	0	0
0B69	004295A8	V V V V	0	0	0
0B72	004295BE	V V V	0	0	0
0B7C	004295D4		0	0	0
0B7D	004295EA	V V V V V V V V V V	0	0	0
0B86	00429600	V V V	0	0	0
0B90	00429616	V V	0	0	0
0BB8	0042962C	V V V	1	0	1
0BB9	00429642	V	0	0	1
0BBA	00429658	V V	0	0	0
0BBB	0042966E	V V	0	0	1
0BBC	00429684	V V V	0	0	1
0BBD	004296B7	V V V b1	1	0	1
0BBE	004296CD	V V V	1	0	1
0BBF	004296E3	V V	0	0	1
0BC0	004296F9	V V	0	0	1
0BC1	0042970F	V V V V V	0	0	1
0BC2	00429725	V V V	0	0	1
0BC3	0042973B	V V	0	0	1
0BC4	00429751	V V V V V	0	0	1
0BCC	00429767	V V V	0	0	0
0BCD	0042977D	V V V	0	0	0
0BCE	00429793	V V V	0	0	0
0BCF	004297A9	V V V V	0	0	0
0BD0	004297BF	V V V	0	0	0
0BD1	004297D5	V V V	0	0	0
0BD2	004297EB	V V V	0	0	0
0BD3	00429801	V V V	0	0	0
0BD4	00429817	V V V	0	0	0
0BD5	0042982D	V V V	0	0	1
0C1C	00429843	V V V	0	0	0
0C1D	00429859	V V V V V	0	0	0
0C22	0042986F	V	0	0	0
0C23	00429919	V	0	0	0
0C24	0042992F	V	0	0	0
0C25	00429945	V	0	0	0
0C26	004298AB	V V V V V	0	0	0
0C27	004298C1	V V V V	0	0	0
0C28	004298D7	V	0	0	0
0C29	004298ED	V	0	0	0
0C2A	00429903	V	0	0	0
0C2B	0042995B	V V V V	0	0	0
0C2C	00429971	V V V V	0	0	0
0C2D	00429987	V	0	0	0
0C2E	0042999D	V V V V V	0	0	0
0C2F	004299B3	V V V V	0	0	0
0C30	004299C9	V V V	0	0	0
0FA0	004299DF	V V	0	0	1
0FA1	00429A6E	V	0	0	0
0FA2	00429A84	V V V V V V	0	0	0
0FA4	00429A9A	V V V	0	0	0
0FD4	00429A42	V V V	0	0	0
0FD5	00429A58	V V V V V	0	0	0
1004	00429A34	V V V V V V V V V	1	0	0
100E	00429AB0	V V V V V V V V V V	1	0	1
1068	00429B02	V V V V V V V V V V V V	1	0	0
1072	00429AF4	V V V V V V V V V V V V	1	0	1
AA82	00429ADE		0	0	0
D382	00429B10		0	0	0
FDE8	00429B4C		0	0	0
FDF2	00429B36	V	0	0	0
FDFC	00429B62	V	0	0	0
FE06	00429B95	V	0	0	0
FE10	00429BAB	V	0	0	0
FE11	00429BC1	V V	0	0	0
FE12	00429BD7	V	0	0	0
FE13	00429BED	V V	0	0	0
FE1A	00429C29	V V	0	0	0
FE1B	00429C3C	V	0	0	0
FE24	00429C4F	V V	0	0	0
FE25	00429C62	V V	0	0	0
FE2E	00429C75	V	0	0	0
FE2F	00429C84		0	0	0
FE38	00429C03	V	0	0	0
FE39	00429C16	b2	0	0	0
