# Opcodes used by the SCN files of Oreimo Plus (START, TOPMENU, EFCLIB, SRC_MAIN, LAUNCH, PLAUNCH).
# op, name in the disassembly, uses, operand signature, run by the old ScnMachine (removed), uses per file. See engine-notes.md, section 10.
op	name	uses	sig	vm	files
0000	end	85	V	yes	EFCLIB:1 LAUNCH:3 PLAUNCH:3 SRC_MAIN:3 START:71 TOPMENU:4
0001	loadmod	14	V V	yes	LAUNCH:2 PLAUNCH:2 SRC_MAIN:2 START:7 TOPMENU:1
0002	op_0002	1	V V		START:1
000C	op_000C	114	V V		START:114
000D	op_000D	57	V	yes	LAUNCH:1 PLAUNCH:1 SRC_MAIN:1 START:52 TOPMENU:2
001E	op_001E	15		yes	LAUNCH:1 PLAUNCH:1 SRC_MAIN:1 START:11 TOPMENU:1
001F	op_001F	9			START:9
002A	op_002A	10	V	yes	EFCLIB:1 SRC_MAIN:1 START:7 TOPMENU:1
0032	op_0032	5			START:5
0033	op_0033	6			EFCLIB:1 START:5
0034	op_0034	162		yes	EFCLIB:101 LAUNCH:2 PLAUNCH:2 SRC_MAIN:5 START:50 TOPMENU:2
0048	op_0048	1			START:1
0066	op_0066	6	V		START:6
006F	op_006F	2	V V		START:2
0078	op_0078	16	V V		START:16
0079	op_0079	5	V V		START:5
0083	op_0083	12	V V		START:12
0084	op_0084	85	V V		START:85
0096	op_0096	9	V		START:9
00A0	op_00A0	3	V		START:3
00A1	op_00A1	3	V V		START:3
00B4	op_00B4	3	V V		START:3
00B6	op_00B6	3	V V		START:3
00C8	op_00C8	1	V V		START:1
00C9	op_00C9	6	V V		START:6
00CE	op_00CE	1	V		START:1
00CF	op_00CF	1	V		START:1
00D0	op_00D0	2	V		START:2
00D1	op_00D1	2			START:2
00D2	op_00D2	4	V V V		START:4
00DD	op_00DD	5	V		START:5
00FA	op_00FA	2	V V		START:2
00FD	op_00FD	1	V V		START:1
00FE	op_00FE	1	V V		START:1
00FF	op_00FF	1	V V		START:1
0104	op_0104	1	V		START:1
0107	op_0107	8	V V V		START:8
010E	op_010E	1	V V		START:1
0123	op_0123	1	V V		START:1
0136	op_0136	1	V		START:1
0154	op_0154	1	V V V V V V		START:1
0155	op_0155	1	V		START:1
0156	op_0156	1	V V V V		START:1
0158	op_0158	5	V V V		START:5
01A4	op_01A4	1	V V V V b1 V		EFCLIB:1
01F4	if	4345	V b1 V b4	yes	EFCLIB:172 PLAUNCH:35 SRC_MAIN:58 START:4051 TOPMENU:29
01FE	op_01FE	121	V b1 V b4		EFCLIB:25 START:96
01FF	op_01FF	10	V b1 V b4		START:10
0208	caseidx	63	V	yes	EFCLIB:9 START:52 TOPMENU:2
0209	case	472	b4 V V b1	yes	EFCLIB:39 START:410 TOPMENU:23
0212	op_0212	14	b4 V		EFCLIB:14
0213	op_0213	13	b4		EFCLIB:13
0258	goto	4647	V	yes	EFCLIB:169 LAUNCH:1 PLAUNCH:38 SRC_MAIN:31 START:4351 TOPMENU:57
0259	switch	6	b4 V V	yes	EFCLIB:1 LAUNCH:1 PLAUNCH:1 SRC_MAIN:1 START:2
0262	op_0262	409	V	yes	EFCLIB:63 SRC_MAIN:1 START:338 TOPMENU:7
0267	gosub	349	V	yes	PLAUNCH:39 SRC_MAIN:48 START:225 TOPMENU:37
026C	ret	208		yes	EFCLIB:1 SRC_MAIN:3 START:198 TOPMENU:6
026D	retv	59	V	yes	EFCLIB:31 SRC_MAIN:2 START:24 TOPMENU:2
0276	op_0276	22	V		EFCLIB:3 START:19
0280	op_0280	67	b2 V	yes	START:67
0281	op_0281	73	V V V		START:73
0283	callmod	487	V V V	yes	EFCLIB:52 SRC_MAIN:12 START:401 TOPMENU:22
0285	op_0285	66	V		START:66
02BC	op_02BC	15	V V		START:15
02BD	op_02BD	29	V		START:29
02C1	op_02C1	2	V V		START:2
02C6	op_02C6	67	V V V	yes	EFCLIB:8 SRC_MAIN:5 START:49 TOPMENU:5
02C7	op_02C7	101	V V V		START:96 TOPMENU:5
02D0	op_02D0	42	V V		START:42
02D1	strcpy	55	V V	yes	LAUNCH:2 PLAUNCH:2 SRC_MAIN:2 START:48 TOPMENU:1
02D3	op_02D3	26	V V		START:26
02D4	op_02D4	5	V V V		START:5
02D5	lea	101	V V	yes	LAUNCH:2 PLAUNCH:38 SRC_MAIN:39 START:12 TOPMENU:10
02D6	op_02D6	4	V V V		START:4
02DA	op_02DA	11	V V V		START:11
02DB	op_02DB	45	V b1		LAUNCH:1 PLAUNCH:1 START:43
02E4	op_02E4	2	V		START:2
02E5	op_02E5	7	V		START:7
02E8	op_02E8	1	V		START:1
02EE	op_02EE	3	V		START:3
02EF	op_02EF	3	V		START:3
02F8	op_02F8	509	V	yes	PLAUNCH:1 SRC_MAIN:7 START:448 TOPMENU:53
02F9	op_02F9	30	V	yes	START:23 TOPMENU:7
0302	load	218	V V	yes	PLAUNCH:2 SRC_MAIN:3 START:210 TOPMENU:3
0303	store	74	V V	yes	PLAUNCH:1 SRC_MAIN:1 START:62 TOPMENU:10
0304	op_0304	967	V V		START:961 TOPMENU:6
0305	op_0305	138	V V		START:134 TOPMENU:4
0306	op_0306	50	V V		START:50
0307	op_0307	40	V V		START:40
0308	op_0308	291	V V V	yes	SRC_MAIN:4 START:283 TOPMENU:4
0309	op_0309	506	V V V	yes	SRC_MAIN:2 START:501 TOPMENU:3
030A	op_030A	11	V V V		START:11
030B	op_030B	8	V V V		START:8
0316	salloc	187	V	yes	EFCLIB:6 LAUNCH:2 PLAUNCH:2 SRC_MAIN:7 START:159 TOPMENU:11
0317	sfree	189	V	yes	EFCLIB:6 LAUNCH:2 PLAUNCH:2 SRC_MAIN:8 START:160 TOPMENU:11
038E	mov	4272	V V	yes	EFCLIB:327 LAUNCH:5 PLAUNCH:257 SRC_MAIN:296 START:3288 TOPMENU:99
038F	addr	16	V V	yes	LAUNCH:2 PLAUNCH:2 SRC_MAIN:2 START:9 TOPMENU:1
0391	op_0391	1838	V	yes	EFCLIB:12 SRC_MAIN:1 START:1819 TOPMENU:6
0392	op_0392	67	V	yes	EFCLIB:2 SRC_MAIN:1 START:63 TOPMENU:1
0393	add	1050	V V	yes	EFCLIB:69 LAUNCH:3 PLAUNCH:2 SRC_MAIN:11 START:940 TOPMENU:25
0394	sub	623	V V	yes	EFCLIB:108 SRC_MAIN:13 START:474 TOPMENU:28
0396	and	267	V V	yes	EFCLIB:5 PLAUNCH:1 SRC_MAIN:9 START:243 TOPMENU:9
0397	or	188	V V	yes	PLAUNCH:1 SRC_MAIN:7 START:174 TOPMENU:6
0398	op_0398	27	V V		START:27
0399	neg	211	V	yes	EFCLIB:12 SRC_MAIN:3 START:193 TOPMENU:3
039A	shr	35	V V	yes	PLAUNCH:1 SRC_MAIN:2 START:31 TOPMENU:1
039B	shl	67	V V	yes	PLAUNCH:3 SRC_MAIN:6 START:54 TOPMENU:4
039D	op_039D	1	V V V		START:1
039E	op_039E	337	V V	yes	EFCLIB:21 SRC_MAIN:2 START:312 TOPMENU:2
03A0	op_03A0	112	V V V	yes	SRC_MAIN:4 START:100 TOPMENU:8
03AC	op_03AC	14	V V		EFCLIB:2 START:11 TOPMENU:1
03AE	op_03AE	1	V		START:1
03B7	op_03B7	1	V V V V		START:1
03B8	op_03B8	1	V V V V		START:1
03BD	op_03BD	146	V	yes	EFCLIB:64 SRC_MAIN:2 START:72 TOPMENU:8
03C0	op_03C0	1	V V		START:1
03CE	global	3	b2		START:3
03CF	local	1451	b2	yes	EFCLIB:63 PLAUNCH:74 SRC_MAIN:94 START:1184 TOPMENU:36
03D0	op_03D0	13	V V	yes	LAUNCH:2 PLAUNCH:2 SRC_MAIN:2 START:6 TOPMENU:1
03DE	eval	266	V b1 V	yes	EFCLIB:24 SRC_MAIN:6 START:231 TOPMENU:5
03E8	op_03E8	8	V V		START:8
03E9	op_03E9	1	V		START:1
03EA	op_03EA	3	V	yes	SRC_MAIN:1 START:1 TOPMENU:1
03EB	op_03EB	2	V		START:2
03EC	op_03EC	1	V V		START:1
0456	op_0456	8	V V		START:8
0457	op_0457	1	V V		START:1
0459	op_0459	1	V		START:1
0492	op_0492	8	V V		START:8
04B0	op_04B0	15	V V	yes	SRC_MAIN:1 START:8 TOPMENU:6
04B1	op_04B1	38	V	yes	SRC_MAIN:1 START:35 TOPMENU:2
04B2	op_04B2	7	V V		START:7
04B5	op_04B5	2	V V		START:2
04B6	op_04B6	1	V		START:1
04B8	op_04B8	20	V		START:20
04BA	op_04BA	31		yes	SRC_MAIN:2 START:23 TOPMENU:6
04BD	op_04BD	78	V V V V V V V V	yes	SRC_MAIN:2 START:70 TOPMENU:6
04C4	op_04C4	31	V	yes	SRC_MAIN:2 START:23 TOPMENU:6
04C5	op_04C5	5	V V V V V		START:5
04C6	op_04C6	4	V V		START:4
04C7	op_04C7	1	V V V		START:1
04C8	op_04C8	27	V V V V V V		START:27
04C9	op_04C9	8	V V V		START:8
04CE	op_04CE	18	V	yes	START:7 TOPMENU:11
04D8	op_04D8	20	V V V V V V V V	yes	EFCLIB:5 SRC_MAIN:5 START:5 TOPMENU:5
04E2	op_04E2	173	V V V V V V V V	yes	EFCLIB:105 SRC_MAIN:3 START:48 TOPMENU:17
04E8	op_04E8	4	V V V V V		START:4
04EE	op_04EE	1	V V V V		START:1
04F0	op_04F0	1	V V		START:1
04F6	op_04F6	20	V V V V V V V V V V V V V		EFCLIB:17 START:3
04FB	op_04FB	4	V V V V V V V V V		EFCLIB:4
04FC	op_04FC	4	V V V V V V V V V		EFCLIB:4
0500	op_0500	2	V		START:1 TOPMENU:1
0514	op_0514	2	V V V V V V V V V		START:2
051E	op_051E	19	V V V V V V V V V V V		EFCLIB:16 START:3
0528	op_0528	18	V V		EFCLIB:8 START:10
0529	op_0529	1	V V		EFCLIB:1
0546	op_0546	16	V		EFCLIB:1 START:15
0547	op_0547	6	V		EFCLIB:1 START:5
055A	op_055A	35	V V V V V		START:35
055B	op_055B	22	V V V V V V V		START:22
055C	op_055C	1	V V		START:1
055E	op_055E	2	V V V V V V V V V		START:2
055F	op_055F	6	V V V V V V V V V V		START:6
0560	op_0560	20	V V V V		START:20
0561	op_0561	1	V V V V		START:1
0562	op_0562	28	V V V V V V		START:28
0564	op_0564	6	V V V V V V V V V		EFCLIB:6
0566	op_0566	3	V V V V V V V V V V V V		EFCLIB:3
0568	op_0568	5	V V V V V		EFCLIB:5
056C	op_056C	1	V V V V V		START:1
0574	op_0574	2	V V V V V V V V V V V V V V V V V V V		START:2
05B5	op_05B5	2	V V V V		START:2
05B6	op_05B6	2	V		START:2
05B7	op_05B7	1	V		START:1
05B8	op_05B8	1	V		START:1
05B9	op_05B9	2	V V		START:2
05BC	op_05BC	1	V V		START:1
05BF	op_05BF	2	V V V		START:2
05C0	op_05C0	2	V		START:2
05C3	op_05C3	2	V V		START:2
05C9	op_05C9	3	V V V		START:3
05CA	op_05CA	3	V		START:3
05CB	op_05CB	1	V		START:1
05CC	op_05CC	1	V		START:1
05CD	op_05CD	3	V V		START:3
05D0	op_05D0	1	V V		START:1
05D3	op_05D3	2	V V V		START:2
05D4	op_05D4	4	V V V V		START:4
05D6	op_05D6	2	V V		START:2
06A4	op_06A4	1	V		START:1
06A5	op_06A5	1			START:1
06A6	op_06A6	33	V V		START:33
06A7	op_06A7	21	V V		START:17 TOPMENU:4
06A8	op_06A8	4	V		START:4
06A9	op_06A9	6	V V		START:6
06AF	op_06AF	11	V V		START:11
06B0	op_06B0	21	V		START:21
06B1	op_06B1	2	V V		START:2
06BA	op_06BA	1	V		START:1
06BB	op_06BB	1	V		START:1
06C2	op_06C2	1	V		START:1
06C3	op_06C3	1			START:1
06D6	op_06D6	2	V V V		START:2
06D8	op_06D8	2	V		START:2
06D9	op_06D9	4	V V		START:4
06DA	op_06DA	4	V		START:4
06DB	op_06DB	1	V		START:1
06DC	op_06DC	1	V		START:1
06DF	op_06DF	6	V V		START:6
06E8	op_06E8	2	V V		START:2
06EF	op_06EF	2	V V V V		START:2
073F	op_073F	1	V		START:1
076C	op_076C	1	V		START:1
076D	op_076D	1	V		START:1
0776	op_0776	3	V		START:3
0778	op_0778	2	V		START:2
0780	op_0780	52	V V V V	yes	EFCLIB:1 LAUNCH:1 PLAUNCH:1 SRC_MAIN:1 START:47 TOPMENU:1
078A	op_078A	2	V		START:2
0794	op_0794	1	V		START:1
079E	op_079E	1			START:1
07A8	op_07A8	8	V V		START:8
07B2	op_07B2	1	V V V		START:1
07B3	op_07B3	5	V		START:5
07BC	op_07BC	1	V V V V		EFCLIB:1
07BD	op_07BD	3	V V V V		START:3
07D0	op_07D0	19	V V V V	yes	EFCLIB:2 SRC_MAIN:1 START:15 TOPMENU:1
07D1	op_07D1	2			START:2
07D2	op_07D2	2	V V V V		START:2
07E4	op_07E4	1	V		START:1
07E8	op_07E8	1	V		START:1
07EE	op_07EE	1	V V V		START:1
07EF	op_07EF	1	V V V		START:1
09E2	op_09E2	1	V V V		START:1
09F6	op_09F6	35	V V		EFCLIB:32 START:3
0A30	op_0A30	2	V V		START:2
0A31	op_0A31	1	V		START:1
0A8D	op_0A8D	1			START:1
0AF0	op_0AF0	1	V		START:1
0AFA	op_0AFA	1	V V V		START:1
0AFB	op_0AFB	1	V		START:1
0BCF	op_0BCF	2	V V V V		START:2
0BD4	op_0BD4	3	V V V		START:3
0FD4	op_0FD4	18	V V V		START:18
0FD5	op_0FD5	18	V V V V V		START:18
